{"cameraMode":{"drawMode":0,"name":"Shaded","section":"Shading Mode"},"sceneLighting":true,"audioPlay":false,"sceneViewState":{"m_AlwaysRefresh":false,"showFog":true,"showSkybox":true,"showFlares":true,"showImageEffects":true,"showParticleSystems":true,"showVisualEffectGraphs":true,"m_FxEnabled":true},"in2DMode":false,"pivot":{"x":-4.146360874176025,"y":5.256717205047607,"z":3.4244794845581056},"rotation":{"x":0.06822982430458069,"y":0.9144920706748962,"z":-0.17377066612243653,"w":0.35869237780570986},"size":6.333780765533447,"orthographic":false}